{
  "summary": {
    "mode": "Standard Batch-Queue (SBQ)",
    "label": "SBQ",
    "iterations_completed": 54,
    "mean_ttns_s": 54.9935,
    "std_ttns_s": 13.9874,
    "ttns_list": [
      45.6314,
      47.7262,
      64.436,
      69.325,
      52.5782,
      51.8054,
      79.3654,
      81.3872,
      50.3887,
      49.2551,
      76.7892,
      43.2242,
      38.2913,
      42.5695,
      66.9938,
      41.3169,
      36.855,
      70.0167,
      46.2888,
      29.0151,
      76.143,
      62.3918,
      58.8264,
      56.193,
      43.3527,
      40.2212,
      64.3259,
      48.9491,
      69.715,
      67.6461,
      59.4602,
      50.5652,
      58.4723,
      33.9606,
      58.2981,
      56.6312,
      37.4809,
      42.2095,
      70.1679,
      41.0601,
      32.5356,
      74.3152,
      45.8573,
      38.4432,
      75.2544,
      49.1728,
      64.8729,
      54.7184,
      66.0028,
      75.5845,
      36.9333,
      52.6763,
      75.4755,
      48.4802
    ],
    "energy_list": [
      -7.013437,
      -7.360659,
      -6.968614,
      -7.444642,
      -7.397901,
      -7.415368,
      -7.352328,
      -7.734166,
      -8.322088,
      -7.365798,
      -7.857421,
      -7.653677,
      -7.283375,
      -7.704117,
      -7.050949,
      -7.587597,
      -7.511129,
      -7.404882,
      -7.529646,
      -7.476464,
      -7.548343,
      -7.590083,
      -7.604182,
      -7.478327,
      -7.805249,
      -7.502088,
      -7.207527,
      -7.455611,
      -7.744848,
      -7.44875,
      -7.277916,
      -7.711512,
      -7.417841,
      -7.506042,
      -7.379516,
      -7.589,
      -7.47225,
      -7.577026,
      -7.995594,
      -7.474084,
      -7.814514,
      -7.388201,
      -7.313344,
      -7.699508,
      -7.606739,
      -7.552397,
      -7.442058,
      -7.354278,
      -7.424753,
      -7.562812,
      -7.723609,
      -7.294623,
      -7.341683,
      -7.197285
    ],
    "variance_list": [
      0.039554,
      0.034847,
      0.081721,
      0.051728,
      0.114544,
      0.078349,
      0.055267,
      0.04741,
      0.055707,
      0.077392,
      0.086875,
      0.094427,
      0.078535,
      0.062272,
      0.051815,
      0.129902,
      0.144945,
      0.126434,
      0.168539,
      0.144391,
      0.162101,
      0.164133,
      0.160507,
      0.16501,
      0.143958,
      0.165086,
      0.15157,
      0.165183,
      0.165482,
      0.170942,
      0.153324,
      0.109665,
      0.166937,
      0.170236,
      0.154359,
      0.177593,
      0.162474,
      0.150473,
      0.132155,
      0.126544,
      0.152637,
      0.173412,
      0.17099,
      0.161063,
      0.152876,
      0.154293,
      0.170804,
      0.164902,
      0.162436,
      0.147134,
      0.140301,
      0.150114,
      0.171092,
      0.13922
    ],
    "sim_times": [
      45.631,
      93.858,
      158.794,
      228.619,
      281.697,
      334.002,
      413.868,
      495.755,
      546.644,
      596.399,
      673.688,
      717.412,
      756.204,
      799.273,
      866.767,
      908.584,
      945.939,
      1016.455,
      1063.244,
      1092.759,
      1169.402,
      1232.294,
      1291.62,
      1348.313,
      1392.166,
      1432.887,
      1497.713,
      1547.162,
      1617.377,
      1685.523,
      1745.483,
      1796.549,
      1855.521,
      1889.982,
      1948.78,
      2005.911,
      2043.892,
      2086.601,
      2157.269,
      2198.829,
      2231.865,
      2306.68,
      2353.037,
      2391.981,
      2467.735,
      2517.408,
      2582.781,
      2637.999,
      2704.502,
      2780.586,
      2818.02,
      2871.196,
      2947.171,
      2996.152
    ],
    "qdc_pct": 11.278,
    "convergence_time_s": 281.69689837753884,
    "convergence_iter": 4,
    "drift_penalties": 0,
    "mean_energy_ha": -7.498812,
    "mean_variance": 0.130623,
    "bg_jobs_completed": 171,
    "total_sim_time_s": 3000.0
  },
  "shot_records": [
    {
      "iteration": 0,
      "sim_time": 45.63140946289253,
      "ttns": 45.63140946289253,
      "energy": -7.0134365234375,
      "variance": 0.03955356779956817,
      "drift_penalty": false,
      "qpu_id": 0
    },
    {
      "iteration": 1,
      "sim_time": 93.857610914904,
      "ttns": 47.72620145201147,
      "energy": -7.360659179687499,
      "variance": 0.034846702027320854,
      "drift_penalty": false,
      "qpu_id": 0
    },
    {
      "iteration": 2,
      "sim_time": 158.7936324817399,
      "ttns": 64.4360215668359,
      "energy": -6.968613769531251,
      "variance": 0.08172133674263955,
      "drift_penalty": false,
      "qpu_id": 0
    },
    {
      "iteration": 3,
      "sim_time": 228.6186581001256,
      "ttns": 69.3250256183857,
      "energy": -7.4446416015625,
      "variance": 0.05172831640005113,
      "drift_penalty": false,
      "qpu_id": 0
    },
    {
      "iteration": 4,
      "sim_time": 281.69689837753884,
      "ttns": 52.578240277413244,
      "energy": -7.397900878906249,
      "variance": 0.11454421150517465,
      "drift_penalty": false,
      "qpu_id": 0
    },
    {
      "iteration": 5,
      "sim_time": 334.0022789531846,
      "ttns": 51.805380575645756,
      "energy": -7.4153676757812494,
      "variance": 0.07834894453644752,
      "drift_penalty": false,
      "qpu_id": 0
    },
    {
      "iteration": 6,
      "sim_time": 413.86771911534754,
      "ttns": 79.36544016216294,
      "energy": -7.35232763671875,
      "variance": 0.055267292832612995,
      "drift_penalty": false,
      "qpu_id": 0
    },
    {
      "iteration": 7,
      "sim_time": 495.7549689222856,
      "ttns": 81.38724980693809,
      "energy": -7.734166015625,
      "variance": 0.047409539885997776,
      "drift_penalty": false,
      "qpu_id": 0
    },
    {
      "iteration": 8,
      "sim_time": 546.6436937010925,
      "ttns": 50.388724778806875,
      "energy": -8.322087890625001,
      "variance": 0.05570722956705093,
      "drift_penalty": false,
      "qpu_id": 0
    },
    {
      "iteration": 9,
      "sim_time": 596.3987839263588,
      "ttns": 49.25509022526626,
      "energy": -7.365798339843749,
      "variance": 0.07739197668385507,
      "drift_penalty": false,
      "qpu_id": 0
    },
    {
      "iteration": 10,
      "sim_time": 673.688019528581,
      "ttns": 76.78923560222222,
      "energy": -7.857421386718751,
      "variance": 0.0868745193502903,
      "drift_penalty": false,
      "qpu_id": 0
    },
    {
      "iteration": 11,
      "sim_time": 717.412219887113,
      "ttns": 43.224200358532016,
      "energy": -7.6536767578125,
      "variance": 0.0944267881746292,
      "drift_penalty": false,
      "qpu_id": 0
    },
    {
      "iteration": 12,
      "sim_time": 756.2035009230402,
      "ttns": 38.29128103592723,
      "energy": -7.283374511718751,
      "variance": 0.07853521134448052,
      "drift_penalty": false,
      "qpu_id": 0
    },
    {
      "iteration": 13,
      "sim_time": 799.2729863122823,
      "ttns": 42.56948538924212,
      "energy": -7.7041166992187495,
      "variance": 0.062272298944711695,
      "drift_penalty": false,
      "qpu_id": 0
    },
    {
      "iteration": 14,
      "sim_time": 866.7667543375682,
      "ttns": 66.99376802528582,
      "energy": -7.0509492187500005,
      "variance": 0.05181539006948472,
      "drift_penalty": false,
      "qpu_id": 0
    },
    {
      "iteration": 15,
      "sim_time": 908.5836074494414,
      "ttns": 41.31685311187323,
      "energy": -7.5875966796875005,
      "variance": 0.12990189425992968,
      "drift_penalty": false,
      "qpu_id": 0
    },
    {
      "iteration": 16,
      "sim_time": 945.9385730895066,
      "ttns": 36.85496564006519,
      "energy": -7.51112939453125,
      "variance": 0.14494540698361397,
      "drift_penalty": false,
      "qpu_id": 0
    },
    {
      "iteration": 17,
      "sim_time": 1016.4552897032904,
      "ttns": 70.01671661378384,
      "energy": -7.40488232421875,