{
  "summary": {
    "mode": "Pure FaaS (PF)",
    "label": "PF",
    "iterations_completed": 48,
    "mean_ttns_s": 61.0634,
    "std_ttns_s": 15.3984,
    "ttns_list": [
      72.2462,
      53.0752,
      66.7111,
      76.349,
      70.4748,
      41.3673,
      68.2194,
      67.3131,
      62.0078,
      39.6894,
      70.3355,
      43.9212,
      63.2114,
      80.039,
      51.7726,
      60.3183,
      85.4232,
      76.234,
      83.5753,
      60.4854,
      47.81,
      51.0092,
      35.8693,
      52.3102,
      48.7853,
      55.5007,
      80.2624,
      85.5448,
      48.7223,
      55.1159,
      40.0862,
      77.5405,
      56.2253,
      72.5989,
      45.0104,
      97.9794,
      81.3133,
      82.8872,
      33.0282,
      75.4078,
      50.1811,
      43.3709,
      57.3503,
      54.9862,
      53.7002,
      50.064,
      49.8458,
      55.7683
    ],
    "energy_list": [
      -7.013754,
      -7.360439,
      -7.454845,
      -7.874327,
      -7.634569,
      -7.877704,
      -7.15789,
      -7.241958,
      -7.018517,
      -8.309746,
      -7.943117,
      -7.379789,
      -7.715428,
      -7.669255,
      -6.913199,
      -7.643304,
      -7.499125,
      -7.40822,
      -7.434625,
      -7.925427,
      -7.355493,
      -7.176153,
      -7.429106,
      -7.703992,
      -7.529054,
      -7.507193,
      -7.076582,
      -7.480159,
      -7.456887,
      -7.592389,
      -7.410611,
      -7.522192,
      -7.499117,
      -7.696557,
      -7.546792,
      -7.376102,
      -7.71439,
      -7.421525,
      -7.425648,
      -7.282977,
      -7.327228,
      -7.636901,
      -7.435245,
      -7.410424,
      -7.44601,
      -7.39718,
      -7.542357,
      -7.377063
    ],
    "variance_list": [
      0.039049,
      0.033424,
      0.097199,
      0.055449,
      0.138221,
      0.061924,
      0.098676,
      0.056555,
      0.035251,
      0.059616,
      0.100677,
      0.066512,
      0.062944,
      0.06245,
      0.062397,
      0.121259,
      0.111376,
      0.151457,
      0.106914,
      0.146093,
      0.140676,
      0.15252,
      0.158655,
      0.150899,
      0.131151,
      0.157592,
      0.126511,
      0.176834,
      0.157079,
      0.170458,
      0.174553,
      0.179761,
      0.168687,
      0.159064,
      0.141249,
      0.160759,
      0.170006,
      0.161744,
      0.1669,
      0.127012,
      0.152758,
      0.151594,
      0.171763,
      0.177878,
      0.168975,
      0.172254,
      0.158691,
      0.165466
    ],
    "sim_times": [
      72.246,
      125.821,
      193.032,
      269.881,
      340.856,
      382.724,
      451.443,
      519.256,
      581.764,
      621.953,
      692.789,
      737.21,
      800.921,
      881.46,
      933.733,
      994.551,
      1080.475,
      1157.209,
      1241.284,
      1302.269,
      1350.579,
      1402.088,
      1438.458,
      1491.268,
      1540.553,
      1596.554,
      1677.316,
      1763.361,
      1812.583,
      1868.199,
      1908.785,
      1986.826,
      2043.551,
      2116.65,
      2162.161,
      2260.64,
      2342.453,
      2425.84,
      2459.369,
      2535.276,
      2585.958,
      2629.828,
      2687.679,
      2743.165,
      2797.365,
      2847.929,
      2898.275,
      2954.543
    ],
    "qdc_pct": 10.242,
    "convergence_time_s": 881.46043573685,
    "convergence_iter": 13,
    "drift_penalties": 0,
    "mean_energy_ha": -7.484387,
    "mean_variance": 0.127478,
    "bg_jobs_completed": 149,
    "total_sim_time_s": 3000.0
  },
  "shot_records": [
    {
      "iteration": 0,
      "sim_time": 72.24615227848996,
      "ttns": 72.24615227848996,
      "energy": -7.01375439453125,
      "variance": 0.03904864318394661,
      "drift_penalty": false,
      "qpu_id": 0
    },
    {
      "iteration": 1,
      "sim_time": 125.82134280568054,
      "ttns": 53.075190527190585,
      "energy": -7.360439453125,
      "variance": 0.03342446777153015,
      "drift_penalty": false,
      "qpu_id": 0
    },
    {
      "iteration": 2,
      "sim_time": 193.0324855310062,
      "ttns": 66.71114272532564,
      "energy": -7.45484521484375,
      "variance": 0.09719867883515358,
      "drift_penalty": false,
      "qpu_id": 0
    },
    {
      "iteration": 3,
      "sim_time": 269.8814928663839,
      "ttns": 76.3490073353777,
      "energy": -7.8743266601562505,
      "variance": 0.05544939384436607,
      "drift_penalty": false,
      "qpu_id": 1
    },
    {
      "iteration": 4,
      "sim_time": 340.85627838016944,
      "ttns": 70.47478551378555,
      "energy": -7.6345693359375,
      "variance": 0.13822093524694445,
      "drift_penalty": false,
      "qpu_id": 0
    },
    {
      "iteration": 5,
      "sim_time": 382.72359272246257,
      "ttns": 41.36731434229313,
      "energy": -7.877704101562501,
      "variance": 0.06192379306459427,
      "drift_penalty": false,
      "qpu_id": 0
    },
    {
      "iteration": 6,
      "sim_time": 451.44301324441864,
      "ttns": 68.21942052195607,
      "energy": -7.157890136718749,
      "variance": 0.09867620669388773,
      "drift_penalty": false,
      "qpu_id": 0
    },
    {
      "iteration": 7,
      "sim_time": 519.256127739285,
      "ttns": 67.3131144948664,
      "energy": -7.2419584960937495,
      "variance": 0.056554789173364636,
      "drift_penalty": false,
      "qpu_id": 0
    },
    {
      "iteration": 8,
      "sim_time": 581.7639705598036,
      "ttns": 62.00784282051859,
      "energy": -7.01851708984375,
      "variance": 0.0352507663128376,
      "drift_penalty": false,
      "qpu_id": 0
    },
    {
      "iteration": 9,
      "sim_time": 621.953344516321,
      "ttns": 39.68937395651733,
      "energy": -8.309745605468748,
      "variance": 0.05961614650607109,
      "drift_penalty": false,
      "qpu_id": 0
    },
    {
      "iteration": 10,
      "sim_time": 692.7888913393614,
      "ttns": 70.33554682304043,
      "energy": -7.9431171874999995,
      "variance": 0.10067663438224794,
      "drift_penalty": false,
      "qpu_id": 0
    },
    {
      "iteration": 11,
      "sim_time": 737.2100513176453,
      "ttns": 43.92115997828387,
      "energy": -7.3797890625,
      "variance": 0.06651183229827883,
      "drift_penalty": false,
      "qpu_id": 0
    },
    {
      "iteration": 12,
      "sim_time": 800.921470748773,
      "ttns": 63.21141943112775,
      "energy": -7.715427734375,
      "variance": 0.06294392745351791,
      "drift_penalty": false,
      "qpu_id": 0
    },
    {
      "iteration": 13,
      "sim_time": 881.46043573685,
      "ttns": 80.03896498807694,
      "energy": -7.669254882812499,
      "variance": 0.06244978103494644,
      "drift_penalty": false,
      "qpu_id": 0
    },
    {
      "iteration": 14,
      "sim_time": 933.7330459109926,
      "ttns": 51.77261017414264,
      "energy": -6.91319873046875,
      "variance": 0.062396925171136854,
      "drift_penalty": false,
      "qpu_id": 0
    },
    {
      "iteration": 15,
      "sim_time": 994.5513502563172,
      "ttns": 60.31830434532458,
      "energy": -7.64330419921875,
      "variance": 0.12125888295626641,
      "drift_penalty": false,
      "qpu_id": 0
    },
    {
      "iteration": 16,
      "sim_time": 1080.4745405739206,
      "ttns": 85.42319031760348,
      "energy": -7.499124999999999,
      "variance": 0.11137554671049119,
      "drift_penalty": false,
      "qpu_id": 0
    },
    {
      "iteration": 17,
      "sim_time": 1157.2085407743566,
      "ttns": 76.23400020043596,
      "energy": -7.408219726562498,
      "variance": 0.15145651380109784,
      "drift_penalty": false,
      "qpu_id": 0
    },
    {
      "iteration": 18,
      "sim_time": 1241.2838771195172,
      "ttns": 83.57533634516062,
      "energy": -7.4346245117187495,
      "variance": 0.10691383987069128,
      "drift_penalty": false,
      "qpu_id": 0
    },
    {
      "iteration": 19,
      "sim_time": 1302.2692346089093,
      "ttns": 60.48535748939207,